rating,title,body,date,author
5,Quiet and dependable,"This GE dishwasher is much quieter than our old unit and the dishes come out clean even on the normal cycle. The third rack is useful for spatulas and lids, and the stainless interior feels sturdy.",2026-01-03,Avery
5,Great everyday dishwasher,"We run this dishwasher almost every night and it has handled plates, glasses, and kids lunch containers without trouble. The racks are easy to load and the controls are straightforward.",2026-01-04,Morgan
4,Strong cleaning performance,"The wash performance is excellent and baked-on pasta sauce comes off well. The only small drawback is that the cycle is longer than expected, but the results are worth it.",2026-01-05,Jordan
5,Sparkling glasses,"Glasses come out clear with no film and the silverware basket separates utensils nicely. Installation was simple and the dishwasher feels like a big upgrade for the price.",2026-01-06,Taylor
5,Very happy so far,"After two months of use, the GE dishwasher has been reliable and easy to maintain. It cleans heavily used cookware better than our previous model.",2026-01-07,Casey
3,Cleans well but drying is average,"The dishwasher cleans dishes well, but plastics sometimes remain damp at the end of the cycle. It is not a deal breaker, though I expected stronger drying.",2026-01-08,Riley
5,Excellent value,"For the cost, this GE dishwasher offers strong cleaning, quiet operation, and a polished look. The bottle jets are especially helpful for tall glasses.",2026-01-09,Jamie
5,Easy to load,"The rack layout makes sense and I can fit more dishes than I could in our older dishwasher. Plates and bowls come out clean without pre-rinsing.",2026-01-10,Drew
4,Good machine with minor noise,"Cleaning is very good and the door feels solid. It has a soft humming sound during some cycles, but it is not loud enough to bother us.",2026-01-11,Quinn
5,Perfect for a busy kitchen,"We cook daily and this dishwasher keeps up. The heavy cycle removes egg, oatmeal, and sauce residue, and the filter is easy to check.",2026-01-12,Skyler
5,Love the third rack,"The third rack is better than I expected. It keeps knives and measuring spoons out of the way, and the main racks still have plenty of room.",2026-01-13,Harper
2,Dishes stay wet,"The cleaning is acceptable, but the heating element seems weak or defective because dishes are still wet when the cycle ends. Even ceramic plates need towel drying.",2026-01-14,Reese
5,Quiet enough for open floor plan,"Our kitchen opens into the living room and this GE dishwasher is quiet enough to run while watching TV. Dishes have been consistently clean.",2026-01-15,Peyton
4,Mostly excellent,"The dishwasher cleans very well and looks great. I wish the lower rack glided a little smoother when fully loaded, but overall it is a solid appliance.",2026-01-16,Kendall
5,No more pre-rinsing,"I stopped pre-rinsing most dishes and this dishwasher still gets everything clean. The sensor cycle works well and saves us time after dinner.",2026-01-17,Logan
5,Great stainless finish,"The stainless front matches our other appliances and does not show fingerprints as much as expected. Cleaning performance has been excellent.",2026-01-18,Rowan
3,Fine but not amazing,"It washes well enough for everyday dishes, but the racks feel a little light and the drying could be better on mugs and plastic storage lids.",2026-01-19,Cameron
5,Very efficient,"The dishwasher uses less water than hand washing and still leaves dishes clean. The normal cycle is our default and works for almost everything.",2026-01-20,Emerson
5,Handles baby bottles well,"The bottle jets are a real benefit for our family. Bottles and small parts come out clean and we trust the sanitize option.",2026-01-21,Finley
4,Good upgrade,"This was a good upgrade from a basic older model. It is quieter, cleans better, and the adjustable rack is helpful for taller items.",2026-01-22,Dakota
5,Reliable cleaning,"We have had no issues with missed spots or food left behind. The dishwasher feels dependable and the controls are simple for everyone in the house.",2026-01-23,Alex
5,Impressive heavy cycle,"The heavy cycle cleaned a casserole dish that sat overnight. I expected to scrub it, but it came out ready to put away.",2026-01-24,Sam
1,Bad heating element,"The dishwasher leaves dishes wet after the cycle ends, and a technician said the heating element was not working properly. I bought it for convenience but now we dry everything by hand.",2026-01-25,Robin
5,Quiet and clean,"This GE unit is quiet, attractive, and does exactly what we need. Plates, cups, and utensils all come out clean on the first run.",2026-01-26,Bailey
4,Great except plastics,"Everything cleans well, but plastic containers still hold water on top. That may be normal, but it is the only thing keeping this from five stars.",2026-01-27,Charlie
5,Simple controls,"The controls are clear and easy to use. I like that I can choose the cycle and options without digging through a complicated menu.",2026-01-28,Hayden
5,Good for large loads,"We can load dinner dishes for six people and still have room for pans. The wash arms seem to reach every corner.",2026-01-29,Elliot
4,Looks premium,"The dishwasher looks more expensive than it was and runs quietly. Drying is good when rinse aid is full, but weaker without it.",2026-01-30,Marley
5,Dependable after six months,"We have used it for six months with no problems. It cleans consistently and the racks have held up well.",2026-02-01,Remy
5,Great sanitize option,"The sanitize cycle gives extra confidence for cutting boards and baby items. It takes longer, but the results are excellent.",2026-02-02,Blair
3,Average drying,"The dishwasher gets dishes clean, but the drying cycle is just okay. Bowls and glasses often need a few minutes on the counter.",2026-02-03,Shawn
5,Installer recommended it,"Our installer said this GE model was a good choice and so far I agree. It is quiet and cleans better than our old dishwasher.",2026-02-04,Leslie
5,No residue left behind,"I have not seen detergent residue or food bits since switching to this dishwasher. The filter is easy to remove and rinse.",2026-02-05,Devon
4,Good family appliance,"It handles the daily load for our family well. The silverware basket could be a little larger, but cleaning performance is strong.",2026-02-06,Ari
5,Better than expected,"I expected a basic dishwasher, but this one feels refined. The racks slide nicely and the dishes come out spotless.",2026-02-07,Parker
5,Quiet nighttime cycles,"We often run it after everyone goes to bed. It is quiet enough that it does not wake anyone up.",2026-02-08,Sage
2,Heating element problem,"The dishwasher washes the dishes but does not dry them. The heating element appears to be bad because the tub stays cool and dishes are wet after the cycle ends.",2026-02-09,Kai
5,Great purchase,"This has been one of the better appliance purchases we have made. It cleans consistently and the interior has plenty of space.",2026-02-10,Noel
4,Good with rinse aid,"Drying improved a lot after adding rinse aid. Cleaning was already strong, so now we are satisfied with the whole cycle.",2026-02-11,Lane
5,Excellent for pots,"I was surprised how well it handled pots and mixing bowls. We still scrape food, but we rarely need to scrub after washing.",2026-02-12,Micah
5,Modern and practical,"The dishwasher looks modern without being flashy. It is practical, quiet, and easy to use every day.",2026-02-13,Chris
3,Decent but slow,"The dishes are clean, but the cycles run longer than I expected. It is fine if we start it before bed.",2026-02-14,Pat
5,Happy with the drying,"With rinse aid, most dishes come out dry and ready for the cabinet. Glasses look great and silverware is clean.",2026-02-15,Dana
5,Great lower rack,"The lower rack fits dinner plates, serving bowls, and pans without awkward rearranging. Cleaning has been reliable.",2026-02-16,Lee
4,Almost perfect,"The dishwasher is quiet and cleans well. The only thing I dislike is that the control labels are a little hard to see in dim light.",2026-02-17,Francis
5,No complaints,"It works exactly as promised. We load it, run normal cycle, and unload clean dishes the next morning.",2026-02-18,Rene
5,Good build quality,"The door closes firmly and the stainless tub gives the dishwasher a quality feel. It is not flimsy like our last one.",2026-02-19,Jules
1,Wet dishes every time,"The heating element is bad and dishes are wet after every cycle. Customer support suggested rinse aid, but the inside never gets warm enough to dry properly.",2026-02-20,Andy
5,Excellent cleaning on normal,"We mostly use normal cycle and everything comes out clean. I appreciate not having to select heavy wash for everyday messes.",2026-02-21,Kim
4,Solid dishwasher,"This is a solid dishwasher for the money. It cleans well, runs quietly, and only struggles with water pooling on cup bottoms.",2026-02-22,Terry
5,Great for entertaining,"After hosting dinner, we loaded wine glasses, plates, and utensils and everything came out clean. It saved a lot of cleanup time.",2026-02-23,Jackie
5,User friendly,"The controls are intuitive and the status lights are helpful. Everyone in our household figured it out quickly.",2026-02-24,Shannon
3,Good cleaning but racks feel light,"The wash result is good, but the rack material feels lighter than expected. I hope it holds up over time.",2026-02-25,Tracy
5,Very clean silverware,"The silverware basket separates forks and spoons well, so we do not get nested utensils with food left between them.",2026-02-26,Amari
5,Quiet workhorse,"This GE dishwasher has become a quiet workhorse in our kitchen. It runs daily and has been dependable.",2026-02-27,Jess
4,Good purchase overall,"It cleans well and looks nice. I removed one star because the top rack needed adjustment for taller glasses.",2026-02-28,Stevie
5,Great after remodel,"We installed this during a kitchen remodel and it fits the new space perfectly. Performance has matched the look.",2026-03-01,Frankie
5,Handles stuck-on breakfast,"Dried oatmeal and egg usually come off without a second wash. That alone makes this dishwasher worth it.",2026-03-02,Reagan
2,Does not dry well,"The bad heating element leaves dishes wet after the cycle ends. The wash is fine, but unloading wet plates and bowls is frustrating.",2026-03-03,Marion
5,Fantastic upgrade,"This is a fantastic upgrade from our old noisy dishwasher. It is quieter, roomier, and much better at cleaning.",2026-03-04,Shiloh
4,Good with minor quirks,"The dishwasher performs well, but the door has to be pushed firmly to latch. Once it starts, it cleans beautifully.",2026-03-05,River
5,Consistent results,"Every load has been consistent. I do not find food stuck to plates or cloudy glassware anymore.",2026-03-06,Corey
5,Love the bottle jets,"Bottle jets clean tall cups better than the old top rack did. It is a small feature that makes a big difference.",2026-03-07,Adrian
3,Average for price,"It is a good dishwasher, but not exceptional. Cleaning is reliable, while drying and rack smoothness are only average.",2026-03-08,Jean
5,Quiet during calls,"I work from home near the kitchen and can run the dishwasher during calls. It is quiet enough that no one notices.",2026-03-09,Robin C
5,Great cycle options,"The cycle options are flexible without being confusing. Heavy wash handles pans and normal handles everyday dishes.",2026-03-10,Angel
4,Happy but use rinse aid,"We are happy with the dishwasher. Drying is best when rinse aid is topped off, so keep an eye on that.",2026-03-11,Harley
5,Cleans coffee mugs,"Our coffee mugs used to retain stains, but this GE dishwasher cleans them well. The interior also stays fresh.",2026-03-12,Dallas
5,Strong spray arms,"The spray coverage seems strong. Even bowls on the upper rack come out clean when loaded correctly.",2026-03-13,Justice
1,Heating element failed,"The heating element failed early and dishes are wet after the cycle ends. The dishwasher cleans food off, but the drying failure makes every load feel unfinished.",2026-03-14,Oakley
5,Excellent quiet rating,"This dishwasher is much quieter than expected. We can barely hear it from the next room.",2026-03-15,Kelly
4,Good for the price,"It has a few plastic pieces that feel basic, but the actual washing performance is very good for the price.",2026-03-16,Linden
5,Easy maintenance,"The filter is easy to access and rinse. We have not had odors or drainage problems.",2026-03-17,Monroe
5,Great drying with settings,"Using the heated dry setting and rinse aid gives us dry plates and clean glasses. Very satisfied.",2026-03-18,Phoenix
3,Usable but not premium,"It works and cleans well, but the racks do not feel as premium as the exterior looks. Overall it is acceptable.",2026-03-19,Sutton
5,Family approved,"Everyone in the house likes this dishwasher. It is easy to load, quiet, and dependable.",2026-03-20,Jamie L
5,No spots on glass,"We have hard water and still get clean glasses with very little spotting. That was a pleasant surprise.",2026-03-21,Aubrey
4,Good replacement,"This replaced a much older dishwasher and the difference is obvious. It is quieter and cleans better, though cycles are longer.",2026-03-22,Brook
5,Very pleased,"We have been very pleased with this GE dishwasher. It handles daily messes without drama.",2026-03-23,Ellis
5,Great kitchen helper,"It saves time after cooking and keeps the sink clear. The dishes look clean and smell fresh.",2026-03-24,Gray
2,Wet after heated dry,"Even with heated dry selected, dishes are wet after the cycle ends. It seems like the heating element is bad or underpowered.",2026-03-25,Hollis
5,Excellent cleaning power,"The cleaning power is excellent. Sauce, cereal, and tea stains come off without needing a second wash.",2026-03-26,Indigo
4,Good but small silverware slots,"I like the dishwasher overall, but some larger handled utensils do not fit the silverware slots. Cleaning is strong.",2026-03-27,Jonah
5,Looks and works great,"The appliance looks great in our kitchen and performs well. We are glad we chose this GE model.",2026-03-28,Kerry
5,Dependable normal cycle,"The normal cycle is dependable for most loads. I rarely need to use heavy wash unless cookware is very dirty.",2026-03-29,Lake
3,Okay drying performance,"The dishwasher cleans well, but drying is mixed. Plates are mostly dry while cups and plastics often need a towel.",2026-03-30,Milan
5,Great after dinner parties,"It handles large dinner party loads well. Wine glasses, plates, and silverware all came out clean.",2026-03-31,Nico
5,Quiet and attractive,"The front panel is clean and attractive, and the machine is quiet enough for our open kitchen.",2026-04-01,Orion
4,Good sanitize feature,"The sanitize feature is helpful and gives peace of mind. The longer cycle time is the only tradeoff.",2026-04-02,Presley
5,Great rack flexibility,"The adjustable rack makes it easier to fit tall glasses and odd-shaped bowls. Cleaning has been excellent.",2026-04-03,Quincy
5,Cleans without soaking,"I no longer soak most dishes before loading. Scraped plates come out clean on the first wash.",2026-04-04,Rory
1,Persistent heating issue,"The heating element appears defective because every load ends with wet dishes. The dishwasher washes but never dries, which is a major disappointment.",2026-04-05,Sasha
5,Good choice,"This GE dishwasher was a good choice for our kitchen. It is reliable and easy to operate.",2026-04-06,Tatum
4,Mostly dry dishes,"Most dishes are dry when the cycle is done, though plastic lids still collect water. Cleaning performance is excellent.",2026-04-07,Urban
5,Great for cookware,"Pots and pans fit well on the lower rack. The heavy cycle gets them clean without much scrubbing.",2026-04-08,Val
5,Quiet startup,"The dishwasher starts quietly and does not make loud draining noises. It feels refined compared with our old one.",2026-04-09,Winter
3,Fine appliance,"This is a fine appliance. It cleans dishes well but does not feel especially premium in the rack design.",2026-04-10,Xander
5,Excellent silverware cleaning,"Silverware comes out clean even when the basket is full. We have had no stuck-on food between utensils.",2026-04-11,Yara
5,Very satisfied,"We are very satisfied with the cleaning, noise level, and interior space. I would buy this model again.",2026-04-12,Zion
4,Good dishwasher with long cycles,"It cleans very well, but the standard cycle takes longer than our previous dishwasher. We usually run it overnight.",2026-04-13,Alden
5,Great with glassware,"Glassware comes out clear and shiny. We have not had issues with cloudiness or spots.",2026-04-14,Briar
5,Easy install and use,"Installation went smoothly and the dishwasher has been simple to use. It performs well on everyday dishes.",2026-04-15,Cedar
2,Bad drying system,"The heating element seems bad because dishes are wet after cycle ends. The cleaning cycle works, but unloading is frustrating when everything needs hand drying.",2026-04-16,Dorian
5,Strong performer,"This dishwasher is a strong performer in a busy household. It handles breakfast, lunch, and dinner dishes well.",2026-04-17,Ever
4,Useful top rack,"The top rack is useful for small items and utensils. I wish it had a little more clearance, but it works well.",2026-04-18,Fallon
5,Quiet and efficient,"It is quiet, efficient, and leaves dishes clean. We are using fewer paper plates because cleanup is easier.",2026-04-19,Greer
5,Happy with purchase,"The dishwasher met our expectations. It looks good, runs quietly, and cleans dishes thoroughly.",2026-04-20,Haven
3,Good washer weak dryer,"The washing side is good, but the drying side is weaker than expected. Some loads need extra air-drying.",2026-04-21,Isa
5,Excellent for daily use,"For daily use, this dishwasher is excellent. The racks hold plenty and the normal cycle is reliable.",2026-04-22,Jory
5,No food particles,"I have not found food particles left on dishes since buying it. The spray pattern seems very effective.",2026-04-23,Koa
4,Good but not silent,"It is quiet but not completely silent. Cleaning is strong and the look is clean.",2026-04-24,Lior
5,Great upgrade for condo,"This was a great upgrade for our condo kitchen. It is compact enough for the space but still holds a full load.",2026-04-25,Marlow
5,Excellent interior space,"The interior space is better than expected. We can load big bowls, plates, and mugs without crowding.",2026-04-26,Nova
1,Heating element leaves dishes wet,"The bad heating element leaves dishes wet after cycle ends, even on heated dry. We have to towel dry plates, cups, and silverware every time.",2026-04-27,Onyx
5,Dependable appliance,"The dishwasher has been dependable and easy to use. It gets dishes clean without needing a lot of attention.",2026-04-28,Pax
4,Good cleaning less great drying,"Cleaning is excellent, but drying is only good when we use rinse aid and leave the door closed for a while.",2026-04-29,Raine
5,Perfect for weeknights,"Weeknight cleanup is much easier now. We load everything after dinner and wake up to clean dishes.",2026-04-30,Sloane
5,Would recommend,"I would recommend this GE dishwasher to anyone who wants a quiet and reliable machine at a reasonable price.",2026-05-01,Tobin
3,Acceptable dishwasher,"It is acceptable overall. Cleaning is good, but the racks could be sturdier and drying could be more consistent.",2026-05-02,Uma
5,Excellent cleaning results,"The cleaning results are excellent across plates, bowls, glasses, and utensils. It makes the kitchen routine easier.",2026-05-03,Vega
